{"_is_active_levels":[true,true,false,false,false,false,false,false,false,false,false,false,false,false,false],"_number_stars":[2,0,0,0,0,0,0,0,0,0,0,0,0,0,0],"_start_number_for_level":[0,0,0,0,0,25920211803,259202119633,259202119817,25920211994,2592021191147,259202119164,2592021191751,2592021191735,2592021192111,2592021192141],"_last_level_weight":[1.0,0.0,0.0,1.0,0.0,0.0,1.0,0.0,0.0,0.8999999761581421,0.3499999940395355,0.3499999940395355,0.6000000238418579,100.0],"_number_prev_level":1,"_volume":0.08237754553556442,"_record":0,"_difficult":-1}